name,likes,downloads,last_modified,decision_score
DebateLabKIT/cript-large,0,24,2021-05-21 15:31:48+00:00,-0.1129292021443373
DebateLabKIT/cript-large,0,24,2021-05-21 15:31:48+00:00,-0.1452529825375195
DebateLabKIT/cript-medium,0,177,2021-05-21 15:39:12+00:00,-0.0970362784492946
DebateLabKIT/cript,0,22,2021-05-21 15:40:52+00:00,-0.0970362784492946
DevSrijit/Harry,0,24,2021-12-15 09:52:13+00:00,-0.0163995607913869
MrE/DialoGPT-medium-SARGER3,0,26,2021-11-07 00:21:06+00:00,-0.0269556205590189
MrGentle/DeltaModel-genius1,0,49,2024-11-10 17:58:11+00:00,-0.011513332489055
MrZ/DialoGPT-small-Rick,0,25,2021-08-27 04:31:46+00:00,-0.0139444871920042
Mythiie/DialoGPT-small-Modeus,0,25,2022-02-16 03:17:21+00:00,-0.0550424691749648
NamPE/DialoGPT-medium-Aqua-konosuba,0,25,2022-01-01 16:35:11+00:00,-0.1003768173865592
NamPE/DialoGPT-medium-Takanashi-Rikka,0,46,2023-02-02 16:39:42+00:00,-0.0550424691749648
Naturealbe/DialoGPT-small-harrypotter-2,0,23,2021-09-19 10:34:11+00:00,-0.0520878153009585
Naturealbe/DialoGPT-small-harrypotter,0,22,2021-09-16 15:37:28+00:00,-0.0857841510255371
NaturesDisaster/DialoGPT-small-Neku,0,22,2022-08-11 12:31:45+00:00,-0.0163995607913869
Navya2608/DialoGPT-medium-rachel,0,24,2021-11-05 16:35:00+00:00,-0.0770195081473967
Navya2608/DialoGPT-small-tonystarkscript,0,23,2021-11-03 08:57:32+00:00,-0.0968281293026082
Necrozma/harrypotterbot,0,23,2021-12-10 15:14:40+00:00,-0.0550424691749648
Nehc/adpatres,0,24,2021-10-21 05:40:20+00:00,-0.1258121826454822
Nekoism/Zhongli-Beta,0,22,2021-10-26 01:17:12+00:00,-0.1396651835709881
NibrasShami/DialopGPT-small-HarryPotter,0,42,2025-02-21 17:38:26+00:00,-0.0902070058059026
NickCavarretta/DialoGPT-small-laffy,0,21,2021-06-03 03:10:42+00:00,-0.0938042080222865
Niphredil/DialoGPT-small-lotr,0,23,2021-08-27 21:32:12+00:00,-0.0580351600278636
NoLawz/DialoGPT-medium-hagrid,0,23,2021-08-27 04:32:38+00:00,-0.1009156728176809
NoLawz/DialoGPT-medium-harrypotter,0,23,2021-08-27 08:23:40+00:00,-0.1115793649985764
Norimoji/DialoGPT-medium-FF7,0,23,2021-09-02 20:47:47+00:00,-0.1029053226696652
Norod78/hebrew-bad_wiki-gpt_neo-tiny,0,744,2023-04-23 16:38:52+00:00,-0.0424623999859444
PVAbhiram2003/DialoGPT-medium-RickandMorty,0,24,2022-04-06 12:42:44+00:00,-0.0548101457137838
Pensador777critico/DialoGPT-small-RickandMorty,0,23,2021-08-31 09:17:11+00:00,-0.0716729704386854
PhilSad/GPTJ2B-SCP,0,23,2022-02-28 20:45:35+00:00,-0.0827277880584214
PhilSad/gpt-scp-neo-125M,0,1,2022-02-23 22:41:55+00:00,-0.0840541105687736
PhilipTheGreat/DiabloGPT-small-Traveller,0,23,2021-09-19 05:19:18+00:00,-0.0770195081473967
PinoCorgi/DialoGPT-small-Shrek1,0,23,2022-02-02 12:56:42+00:00,-0.119410548720699
Piumi/DialogGPT-small-harrypotter,0,23,2021-09-05 08:59:33+00:00,-0.1258121826454822
Plencers/DialoGPT-small-homer,0,23,2021-08-28 07:37:46+00:00,-0.1209388116462932
Poly-Pixel/shrek-test-small,0,40,2023-03-24 20:09:13+00:00,-0.0068325264001567
PolyakovMaxim/ModelGptTS,0,23,2021-11-01 11:46:06+00:00,-0.0301761492350148
QianWeiTech/GPT2-News,0,22,2021-05-21 11:02:49+00:00,-0.0060842951004053
RAhul03/DialoGPT-small-harrypotter,0,21,2021-09-08 15:55:24+00:00,-0.0024257830220854
REAP3R/Chat-bot,0,26,2021-09-25 13:56:48+00:00,-0.0374482195155764
REZERO/DialoGPT-medium-saitama,0,21,2021-09-13 17:55:24+00:00,-0.0493171472725578
Rashid11/DialoGPT-small-rick,0,21,2021-09-18 10:28:58+00:00,-0.0527058536441633
RifsxD/DialoGPT-medium-raifu,0,39,2024-01-26 20:05:37+00:00,-0.0703147627794825
RishabhRawatt/DialoGPT-small-Rickmorty,0,20,2021-09-05 10:08:44+00:00,-0.0072265146661053
RishabhRawatt/DialoGPT-small-kela,0,21,2021-09-05 16:34:02+00:00,-0.0134151015513128
Ritchie/DialoGPT-small-Rickandmorty,0,21,2021-08-27 15:20:43+00:00,-0.0584645950188412
RizqFarIDN/DialoGPT-small-harrypotter,0,21,2021-11-25 02:58:56+00:00,-0.0163995607913869
Rush11/DialoGPT-small-HarryPotter,0,21,2021-11-11 13:36:26+00:00,-0.1258121826454822
Ryanar/DialoGPT-medium-Zelda,0,21,2021-09-15 22:13:31+00:00,-0.0858218642891774
Ryukie/DialoGPT-small-Rick,0,21,2021-10-10 01:30:09+00:00,-0.0170913859927006
S34NtheGuy/DialoGPT-medium-Glass_Of_Water,0,21,2021-10-14 12:28:04+00:00,-0.1256271448717313
S34NtheGuy/DialoGPT-medium-Mona,0,21,2021-12-14 18:49:19+00:00,-0.119410548720699
S34NtheGuy/DialoGPT-small-Harry282,0,21,2021-10-12 17:21:19+00:00,-0.0802008947961534
S34NtheGuy/DialoGPT-small-MJOLNIR_Soul,0,22,2021-10-10 18:37:44+00:00,-0.0847637989273094
S34NtheGuy/DialoGPT-small-pikamew362,0,21,2021-10-14 02:01:56+00:00,-0.0548101457137838
SEBIS/legal_t5_small_summ_de,0,14,2021-06-23 11:21:22+00:00,-0.0812143429290466
SEBIS/legal_t5_small_trans_cs_de,0,15,2021-06-23 11:29:34+00:00,-0.0905464117690181
SEBIS/legal_t5_small_trans_cs_it,0,14,2021-06-23 11:35:03+00:00,-0.0559477730347328
SEBIS/legal_t5_small_trans_cs_sv,0,14,2021-06-23 11:36:15+00:00,-0.0037928261852354
SEBIS/legal_t5_small_trans_de_en,0,15,2021-06-23 09:27:47+00:00,-0.0277164843431033
SEBIS/legal_t5_small_trans_de_es,0,14,2021-06-23 09:29:03+00:00,-0.0857841510255371
SEBIS/legal_t5_small_trans_de_it,0,14,2021-06-23 09:31:31+00:00,-0.0847637989273094
SEBIS/legal_t5_small_trans_de_sv,0,14,2021-06-23 09:32:41+00:00,-0.0789946429725549
SIC98/GPT2-first-model,0,23,2021-05-21 11:11:24+00:00,-0.1209388116462932
SJSui/AstroBot,0,23,2021-11-17 00:39:09+00:00,-0.0970325668298007
SaffronIce/DialoGPT-medium-Jett,0,21,2021-08-26 22:49:06+00:00,-0.0058240741312151
Salma-2/DialoGPT-small-harrypotter,0,21,2021-09-25 20:46:39+00:00,-0.0780887893480671
Sammigooof/Peterbot,0,21,2022-03-01 23:28:30+00:00,-0.0335285319479882
Science-geek32/DialoGPT-small-doctor,0,22,2021-10-19 17:51:25+00:00,-0.0016383083853733
ScottaStrong/DialogGPT-medium-Scott,0,23,2021-06-17 03:59:06+00:00,-0.0796148866087564
ScottaStrong/DialogGPT-medium-joshua,0,21,2021-06-17 00:25:33+00:00,-0.0008900467294311
ScottaStrong/DialogGPT-small-joshua,0,21,2021-06-16 21:40:45+00:00,-0.0600199327584654
Sebastianthecrab/DialoGPT-small-melchior,0,19,2022-01-29 23:53:08+00:00,-0.0431093400047444
Sedge/DialoGPT-small-Sedge,0,21,2021-09-04 14:50:57+00:00,-0.0016383083853733
Shike/DialoGPT_medium_harrypotter,0,21,2021-08-27 14:58:37+00:00,-0.0325205034859452
Shinx/DialoGPT-medium-myheroacademia,0,24,2022-01-05 18:46:08+00:00,-0.0032172046786275
ShiroNeko/DialoGPT-small-rick,0,21,2021-09-20 08:46:13+00:00,-0.0894866831556741
Shubham-Kumar-DTU/DialoGPT-small-goku,0,23,2021-09-01 21:40:10+00:00,-0.0087150248663819
Sid51/CB,0,21,2021-06-12 17:36:59+00:00,-0.0983516529977184
Sid51/Chan,0,21,2021-06-10 20:30:33+00:00,-0.0962735021308784
SilentMyuth/stableben,0,22,2021-07-21 21:05:17+00:00,-0.0021270607792494
SilentMyuth/stablejen,0,21,2021-08-27 22:30:06+00:00,-0.0586959079859916
SimonThormeyer/movie-plot-generator,0,22,2021-07-25 10:26:02+00:00,-0.0307018096627333
Simovod/simRU,0,22,2021-08-06 13:45:07+00:00,-0.1396651835709881
Simovod/testSIM,0,22,2021-08-03 09:56:11+00:00,-0.0950575917572392
Snaky/StupidEdwin,0,22,2021-11-14 15:12:52+00:00,-0.0618209234949088
SonMooSans/test,0,20,2021-12-19 14:29:50+00:00,-0.0071353937941979
Spectrox/emmybot,0,21,2021-12-29 02:21:53+00:00,-0.0764804036738913
SteveC/sdc_bot_15K,0,21,2022-02-21 02:04:26+00:00,-0.0764804036738913
SteveC/sdc_bot_two_step,0,21,2022-02-22 03:22:05+00:00,-0.06970735971289
Sunnydx/BillCipherBot,0,21,2021-09-10 13:54:08+00:00,-0.0191446271101375
SuperDoge/DialoGPT-small-harrypotter,0,28,2021-09-01 03:29:38+00:00,-0.0060487297455835
TTYU/DialoGPT-small-trump,0,21,2021-09-22 21:22:16+00:00,-0.0217768973307259
TVLG/DialoGPT-small-Iroh-Bot,0,22,2021-08-31 19:01:17+00:00,-0.0835654926614937
ThatSkyFox/DialoGPT-small-joshua,0,22,2021-10-24 17:12:13+00:00,-0.0530379299901753
The-Programmer-With-Cool-Pens/TifaBotAIPackage,0,21,2021-08-26 21:50:05+00:00,-0.0146006531888827
TheBakerCat/2chan_ruGPT3_small,0,24,2021-05-21 11:26:24+00:00,-0.1268609435429298
TheCatsMoo/DialoGGPT-small-joshua,0,21,2021-09-18 11:09:22+00:00,-0.0323506542299648
ThePeachOx/DialoGPT-small-harry,0,21,2022-02-12 00:35:05+00:00,-0.0354761990688287
Thejas/DialoGPT-small-elon,0,21,2021-11-04 13:47:03+00:00,-0.0808804799147273
Tidum/DialoGPT-large-Michael,0,23,2022-02-06 19:59:38+00:00,-0.1218002152817259
Tofu05/DialoGPT-large-boon2,0,22,2022-01-30 11:45:16+00:00,-0.026665604171445
TofuBoy/DialoGPT-medium-Yubin2,0,22,2022-01-21 10:11:18+00:00,-0.0729047844704234
TofuBoy/DialoGPT-medium-boon,0,21,2022-01-23 05:46:38+00:00,-0.0335540243480576
UKJ5/DialoGPT-small-harrypotter,0,21,2021-12-30 16:07:33+00:00,-0.0010554975796726
Ulto/avengeeers,0,21,2021-11-21 00:35:55+00:00,-0.0844474499039057
Ulto/avengers2,0,22,2021-11-21 01:13:26+00:00,-0.0434036086947841
Username1/Mourinhio-medium,0,21,2021-09-10 20:52:27+00:00,-0.0770641910537009
Username1/Wenger,0,21,2021-09-11 18:58:31+00:00,-0.0259142082021376
Vampiro/DialoGPT-small-dante_b,0,21,2021-09-16 04:25:49+00:00,-0.0164119237082484
Vampiro/DialoGPT-small-dante_c,0,21,2021-09-21 03:51:23+00:00,-0.02074481754431
Verge/Peterbot,0,21,2022-03-02 04:28:19+00:00,-0.0662352373644258
Vivek/GPT2_GSM8k,0,26,2021-11-29 15:27:55+00:00,-0.0522843546638895
WarrenK-Design/DialoGPT-small-Rick,0,21,2021-08-31 16:30:11+00:00,-0.042786036436493
White/white-bot,0,23,2021-09-06 14:13:46+00:00,-0.1020248474934909
WoutN2001/james3,0,22,2021-11-09 12:47:58+00:00,-0.0311364158871462
Xeouz/Ultron-Small,0,21,2021-10-09 08:22:19+00:00,-0.0126563346011493
YYJ/KunquChat,0,23,2021-12-23 07:21:17+00:00,-0.1089159069620741
Yoshisaur/kono-chat,0,22,2022-02-08 20:49:24+00:00,-0.0520878153009585
YusufSahin99/IFIS_ZORK_AI_FANTASY,0,21,2021-07-14 13:18:10+00:00,-0.0970325668298007
YusufSahin99/IFIS_ZORK_AI_HORROR,0,23,2021-07-14 14:11:24+00:00,-0.0607519192720363
YusufSahin99/Zork_AI_SciFi,0,21,2021-07-13 14:58:01+00:00,-0.0908131490249278
Zane/Ricky3,0,22,2021-07-29 14:50:17+00:00,-0.0527862146594972
Zixtrauce/BrandonBot2,0,20,2022-01-01 22:09:01+00:00,-0.0802008947961534
Zixtrauce/JohnBot,0,19,2022-01-02 06:43:38+00:00,-0.0845826597944292
Zohar/distilgpt2-finetuned-restaurant-reviews,0,20,2022-02-16 12:53:21+00:00,-0.1123559203059292
abhinema/distillgpt2,0,52,2022-02-27 04:08:32+00:00,-0.0155351884373375
abhinema/gpt-medium,0,21,2022-03-04 04:21:57+00:00,-0.0776690887346422
abhinema/testauto,0,21,2022-01-03 03:39:47+00:00,-0.0213940213819614
aced/DialoGPT-medium-3PO,0,19,2021-08-29 02:03:01+00:00,-0.0246387855496666
addy88/gpt-neo-netflix,0,3,2022-01-02 06:33:26+00:00,-0.0232019159256038
aimiekhe/yummv1,0,19,2021-06-06 02:38:56+00:00,-4.751468666253089e-05
ainize/gpt2-rnm-with-season-1,0,21,2021-05-21 12:08:00+00:00,-0.0123075098921331
ainize/gpt2-simpsons-script-large,0,22,2021-05-21 12:13:28+00:00,-0.0533940006195529
alenusch/rugpt3-paraphraser,0,1739,2021-05-21 12:54:09+00:00,-0.0850431455180085
alexLopatin/alex-ai,0,24,2021-05-21 12:57:15+00:00,-0.0453501157618404
alienspaceman/rus_dreamgen_fulltext_medium,0,22,2021-05-21 13:06:00+00:00,-0.0652637359390697
alistvt/bert-base-uncased-pretrained-clm-coqa-stories,0,3,2022-01-21 12:36:10+00:00,-0.0771543231714005
aluserhuggingface/DialoGPT-small-harrypotter,0,20,2022-02-18 19:41:48+00:00,-0.0117642413537544
alvinkobe/DialoGPT-small-KST,0,20,2021-10-12 01:21:56+00:00,-0.1038180585141202
amild01/GPT2-german-chefkoch,0,23,2021-09-08 16:01:18+00:00,-0.0708825137964282
andikarachman/DialoGPT-small-sheldon,0,20,2021-12-11 14:51:37+00:00,-0.0006150837720845
ann101020/le2sbot-hp,0,20,2021-06-04 11:59:14+00:00,-0.0737961273640015
anshengli2/DialogGPT-small-Bot,0,20,2021-09-13 05:39:55+00:00,-0.0050229483703881
anweasha/DialoGPT-small-Jake,0,20,2022-02-12 16:10:13+00:00,-0.1020248474934909
archmagos/HourAI,0,39,2023-03-18 18:07:36+00:00,-0.0033164901569924
ardatasc/miniMe-version1,0,20,2021-09-09 11:01:10+00:00,-0.0593395337605529
arifbhrn/DialogGPT-small-Rickk,0,20,2021-08-29 15:08:58+00:00,-0.0033164901569924
asakawa/distilgpt2-finetuned-wikitext2,0,19,2022-01-06 07:50:50+00:00,-0.0796148866087564
augustojaba/DialoGPT-small-harrypotter,0,20,2021-09-02 00:59:12+00:00,-0.0287063648123823
aviator-neural/gpt2-donald_trump,0,19,2022-01-24 22:09:58+00:00,-0.052619746301128
avinashshrangee/DialoGPT-small-Ricky,0,20,2022-02-17 09:14:03+00:00,-0.0068325264001567
avnish100/DialoGPT-small-rick,0,20,2021-09-10 12:49:46+00:00,-0.0112488918367187
awvik360/DialoGPT-medium-plemons,0,21,2021-06-22 23:35:44+00:00,-0.0266604199569753
aypan17/gpt2-med-imdb,0,24,2022-02-25 06:23:54+00:00,-0.027701725773797
bagdaebhishek/IndianPoliticalTweetsLM,0,21,2021-09-22 07:49:02+00:00,-0.0541410630821964
bala1802/model_1_test,0,21,2021-05-21 13:59:23+00:00,-0.0113330681577243
balawmt/LanguageModel_Trial_1,0,21,2021-05-21 14:03:49+00:00,-0.1268609435429298
balta/DialoGPT-small-TestBot,0,20,2021-09-16 21:26:26+00:00,-0.0157819540576008
begar/distilgpt2-finetuned,0,22,2022-01-14 22:01:35+00:00,-0.0165781184445316
benajtil/DialoGPT-small-RickAndMortyScripts,0,20,2022-01-28 12:46:48+00:00,-0.1070686834984361
benbeshara/vic_presser_bot,0,21,2021-09-13 13:06:19+00:00,-0.0915177520900386
benjamin/gpt2-wechsel-swahili,0,36,2023-05-30 09:55:30+00:00,-0.0060970546174288
benmrtnz27/DialoGPT-small-misato,0,21,2021-11-28 07:45:51+00:00,-0.0945123782208318
bensuydam/CartmanBot,0,20,2022-02-16 02:48:19+00:00,-0.0962735021308784
beomus/lotr-gpt,0,35,2023-06-19 01:57:06+00:00,-0.0284044834390426
bhavya689/DialoGPT-large-chandler,0,20,2021-11-13 16:30:43+00:00,-0.0469141784835085
bigjoedata/friendlychatbot,0,22,2021-05-21 14:13:11+00:00,-0.0390695058315602
bigjoedata/trump-gpt2-sm,0,21,2021-05-21 14:21:14+00:00,-0.0599751392520954
birgermoell/nordic-gpt-wiki,0,35,2023-09-11 19:45:33+00:00,-0.0133006982084766
bleachybrain/DialoGPT-med-ss,0,20,2022-04-27 01:50:52+00:00,-0.0791989090758568
bookbot/gpt2-indo-medium-kids-stories,0,49,2023-06-21 04:32:31+00:00,-0.1329110929622604
boran/berkbot,0,20,2021-08-27 19:37:21+00:00,-0.0037481571684193
boydster/DialoGPT-small-gollum,0,20,2021-10-02 19:48:16+00:00,-0.0593395337605529
brimeggi/inexis-bot,0,21,2021-10-21 04:40:05+00:00,-0.0071353937941979
bs-modeling-metadata/html-metadata-exp1-subexp2-1929863,0,20,2021-11-13 09:21:02+00:00,-0.0364829831817442
bs-modeling-metadata/website_metadata_exp_1_model_25k_checkpoint,0,22,2021-11-25 15:47:57+00:00,-0.0807505428088593
bspans/DialoGPT-small-yoda,0,20,2021-09-02 09:35:47+00:00,-0.0108147392911164
bypequeno/DialoGPT-small-michaelscott,0,20,2022-01-25 23:01:50+00:00,-0.0539228036625275
cambridgeltl/simctg_english_wikipedia,0,22,2022-06-25 19:45:09+00:00,-0.0469141784835085
candra/gpt2-newgen-test,0,21,2021-12-17 07:53:58+00:00,-0.017209172409756
candra/headline-small-gpt2,0,20,2021-12-16 05:46:13+00:00,-0.0165781184445316
cd-dvd/testmodel2,0,3,2022-01-27 19:45:14+00:00,-0.0034323498645727
ceostroff/harry-potter-gpt2-fanfiction,0,22,2021-05-21 14:51:47+00:00,-0.0205034299003485
chaitrabhat/DialoGPT-small-rick,0,19,2021-11-05 11:30:22+00:00,-0.1203670887850899
chamodkarunasena/DialoGPT-medium-sokka,0,19,2021-09-02 10:56:02+00:00,-0.1010277523905648
chan030609/DialoGPT-medium-JAB,0,19,2022-02-11 20:14:29+00:00,-0.0088124756474348
chan030609/DialoGPT-small-JAB,0,19,2022-02-10 03:27:21+00:00,-0.0412064123583304
chip/DialoGPT-small-chizuru,0,19,2021-09-12 07:00:54+00:00,-0.0707767161468868
christopherastone/distilgpt2-proofs,0,40,2023-09-21 21:41:35+00:00,-0.0196694678024174
clairesb/kindness_bot,0,19,2021-10-26 00:09:56+00:00,-0.0133006982084766
clairesb/kindness_bot_repo,0,18,2021-10-25 04:33:25+00:00,-0.005261559612362
clancystudios/DialoGPT-medium-Morty,0,19,2022-02-07 12:38:25+00:00,-0.1138173811523185
clayfox/DialoGPT-small-Hiccup,0,19,2021-11-28 16:23:15+00:00,-0.0345959110284944
cocoaclef/DialoGPT-small-kohaku,0,19,2021-11-12 18:39:32+00:00,-0.0375450183288559
cosmicray001/small-harry,0,19,2021-08-28 12:18:55+00:00,-0.0033077306424282
cumtowndiscord/DialoGPT-small-joshua,0,19,2022-02-04 16:25:12+00:00,-0.0708399888506626
d8oss/gamio-small,0,20,2021-09-14 12:35:20+00:00,-0.0735035485592093
danildany/DialoGPT-small-MichaelScott,0,20,2021-08-30 16:13:33+00:00,-0.0967197157756252
danny481/DialoGPT-small-datnguyenchatbot,0,19,2021-12-29 11:41:26+00:00,-0.0491321009573405
danny481/Final_ChatBot,0,19,2021-12-29 16:59:15+00:00,-0.0008644291462257
danny911kr/calm-mix-large,0,13,2021-09-16 07:23:19+00:00,-0.0029128309988294
danurahul/RuGPT3_german20,0,19,2021-05-21 15:12:32+00:00,-0.0437929141039621
danurahul/alex-gpt-doc2text,0,20,2021-05-21 15:15:09+00:00,-0.0807505428088593
danurahul/alex-gpt2000,0,19,2021-05-21 15:17:14+00:00,-0.0121482532321206
danurahul/alex_gpt3_Doctextfull,0,34,2023-05-17 07:24:08+00:00,-0.0905412158000289
danurahul/alex_gpt3_endoftext,0,19,2021-05-21 15:20:28+00:00,-0.0470432915980855
danurahul/german_gpt_4g,0,37,2023-05-17 07:23:57+00:00,-0.0317976939695798
danurahul/yoav_gpt_neo1.3B,0,2,2021-06-18 03:52:45+00:00,-0.0730416256230162
danurahul/yoav_gpt_neo1.3B_delimiter,0,1,2021-06-19 02:27:20+00:00,-0.0955236530915351
danurahul/yoav_neo_spaces,0,2,2021-06-28 07:34:43+00:00,-0.0462061947290364
darkzek/chickenbot-jon-snow,0,20,2022-02-17 01:51:40+00:00,-0.0165781184445316
darthboii/DialoGPT-small-PickleRick,0,18,2021-09-15 07:48:25+00:00,-0.0078063639195888
day/first-bot-large,0,19,2022-01-14 11:29:09+00:00,-0.0278968179449017
day/first-bot-medium,0,20,2022-01-14 12:52:36+00:00,-0.0084713999341601
day/first-bot-small,0,19,2022-01-14 10:50:45+00:00,-0.0101700874266361
day/her-bot-small,0,19,2022-01-16 15:49:15+00:00,-0.0095300871949672
dead69/GPT-small-yoda,0,21,2022-01-09 11:24:39+00:00,-0.0103525354959508
dhanushlnaik/amySan,0,19,2021-08-28 06:39:36+00:00,-0.0133006982084766
dhlpricing/MyGPT2TG-cased-v1,0,21,2021-11-19 16:43:44+00:00,-0.0422138195508081
digit82/kogpt2-summarization,0,25,2021-09-22 14:45:06+00:00,-0.036020979029845
disdamoe/DialoGPT-small-moe,0,32,2021-09-25 19:24:10+00:00,-0.0962735021308784
dk16gaming/DialoGPT-small-HarryPotter,0,19,2021-09-21 01:57:24+00:00,-0.0771543231714005
dkleczek/papuGaPT2-finetuned-wierszyki,0,20,2021-10-23 20:37:11+00:00,-0.0297568005663297
donggyu/mnmt_decoder_ko,0,20,2021-12-20 06:22:18+00:00,-0.0293335117302503
dracoglacius/NTDB-GPT2,0,19,2021-12-11 20:27:04+00:00,-0.1329110929622604
dreamline2/DialoGPT-small-joshua-demo,0,19,2022-01-22 07:26:52+00:00,-0.0221434952949212
dukeme/DialoGPT-small-RDBotv1,0,19,2021-10-25 16:06:20+00:00,-0.0148646472201572
ehdwns1516/gpt2_review_star2,0,20,2021-07-23 01:06:41+00:00,-0.0064391625650064
ehdwns1516/gpt2_review_star3,0,20,2021-07-23 01:06:54+00:00,-0.0992931585172832
ehdwns1516/gpt2_review_star4,0,20,2021-07-23 01:07:26+00:00,-0.0094170760977198
ehdwns1516/gpt3-kor-based_gpt2_review_SR1,0,20,2021-07-23 01:17:45+00:00,-0.0164425141460481
ehdwns1516/gpt3-kor-based_gpt2_review_SR2,0,20,2021-07-23 01:16:21+00:00,-0.0015964351679444
ehdwns1516/gpt3-kor-based_gpt2_review_SR4,0,22,2021-07-23 01:18:45+00:00,-0.0690574848707935
ehdwns1516/gpt3-kor-based_gpt2_review_SR5,0,20,2021-07-23 01:19:22+00:00,-0.0690574848707935
ekkasilina/small_baseline,0,19,2021-10-26 14:03:38+00:00,-0.1391327972811447
eklrivera/DialoGPT-small-harrypotter,0,19,2021-08-28 01:51:19+00:00,-0.0279887864428783
empushy/gpt2-alerts,0,19,2021-05-21 15:48:27+00:00,-0.0012967515891695
empushy/gpt2-emulator,0,19,2021-05-22 19:04:30+00:00,-0.1321571830509043
ensamblador/gpt2-derecha-with-bos-eos-48heads,0,21,2021-05-21 15:49:43+00:00,-0.061956404429899
ensamblador/gpt2-es-48heads,0,20,2021-05-21 15:52:15+00:00,-0.0728204036210584
ensamblador/gpt2_espanol_8hx512pos,0,21,2021-05-21 15:57:50+00:00,-0.0222254640270419
ensamblador/model_es_custom,0,21,2021-05-21 15:58:58+00:00,-0.0375663296618886
ericzhou/DialoGPT-Medium-Rick,0,27,2022-01-20 04:34:16+00:00,-0.0317976939695798
ethzanalytics/ai-msgbot-gpt2-L,0,39,2025-02-10 17:14:49+00:00,-0.0791989090758568
ethzanalytics/ai-msgbot-gpt2-M,0,37,2025-02-10 17:14:55+00:00,-0.007555396763429
ethzhou/newJooby,0,19,2021-09-17 07:09:09+00:00,-0.1203670887850899
eunjin/kogpt2-finetuned-wellness,0,20,2021-06-10 12:32:15+00:00,-0.0782320084924235
faketermz/DialoGPT,0,18,2021-12-05 13:02:46+00:00,-0.0146006531888827
fatemaMeem98/DialoGPT-medium-HermioneGrangerBot,0,19,2021-12-20 05:35:09+00:00,-0.0280205522118365
felinecity/DioloGPT-small-KaeyaBot,0,19,2022-01-13 00:34:48+00:00,-0.0177119359193053
felinecity/DioloGPT-small-LisaBot,0,19,2022-01-12 08:10:08+00:00,-0.0262975708607328
felinecity/ScaraBot,0,19,2022-01-25 22:33:56+00:00,-0.0055474739236008
fibruh/DialoGPT-small-harrypotter,0,19,2021-12-15 04:18:11+00:00,-0.0125944254401207
flax-community/gpt-neo-1.3B-resized-embed,0,2,2021-07-16 11:25:41+00:00,-0.0144193291894536
flax-community/gpt-neo-125M-apps,0,4,2023-11-20 13:40:02+00:00,-0.0072849154082407
gabtan99/dialogpt-tagalog-medium-30,0,23,2021-08-18 03:05:00+00:00,-0.0771543231714005
gagan3012/keytotext-small,0,21,2021-03-11 23:33:47+00:00,-0.0959953405361954
geralt/MechDistilGPT2,0,20,2023-09-11 15:49:22+00:00,-0.0072849154082407
ghhostboy/DialoGPT-medium-connorDBH3-1,0,19,2021-11-26 05:04:43+00:00,-0.0164518506247902
gizmo-dev/DialoGPT-small-jake,0,19,2021-08-28 10:16:41+00:00,-0.0770641910537009
goodjw/gpt-trinity-poem,0,19,2021-12-07 15:38:01+00:00,-0.0293335117302503
grayson124/chatbotwaifu,0,20,2022-03-01 02:49:54+00:00,-0.0041467585820343
groar/gpt-neo-1.3B-finetuned-escape,0,4,2022-02-06 18:14:00+00:00,-0.0183462725465451
groar/gpt-neo-1.3B-finetuned-escape2,0,5,2022-02-13 20:59:30+00:00,-0.0060674164923218
groar/gpt-neo-1.3B-finetuned-escape3,0,2,2022-02-14 15:17:25+00:00,-0.134862747324426
grounddominator/DialoGPT-lar-Rick,0,20,2021-09-10 04:47:53+00:00,-0.0735035485592093
gusintheshell/DialoGPT-small-rickbot,0,22,2021-08-29 00:42:21+00:00,-0.0894866831556741
ha-mulan/moby-dick,0,20,2021-05-21 16:19:33+00:00,-0.0938042080222865
hama/barney_bot,0,21,2021-09-05 22:16:26+00:00,-0.0511436069682464
hama/rick_bot,0,19,2021-09-05 15:25:45+00:00,-0.1186976772749515
heabeoun/DiabloGPT-small-nuon-conv,0,25,2022-02-09 02:31:56+00:00,-0.0494639431235618
henryoce/DialoGPT-small-rick-and-morty,0,20,2021-08-25 04:37:09+00:00,-0.0846962045809982
hervetusse/DialogGPT-small-harrypotter,0,20,2022-01-27 16:02:44+00:00,-0.0339425535145452
himanshu-dutta/pycoder-gpt2,0,20,2021-05-23 11:56:06+00:00,-0.084294676283267
hireddivas/DialoGPT-small-scully,0,20,2021-10-30 19:15:03+00:00,-0.0770741185264456
houssaineamzil/DialoGPT-small-joey,0,18,2021-09-09 23:54:51+00:00,-0.0936302833327168
hrv/DialoGPT-small-rick-morty,0,20,2021-08-27 06:55:43+00:00,-0.0692427858389977
huggingartists/100-gecs,0,22,2021-12-22 15:23:59+00:00,-0.0422138195508081
huggingartists/21-savage,0,26,2021-09-11 16:36:16+00:00,-0.0042551359110862
huggingartists/5nizza,0,21,2021-09-12 12:34:26+00:00,-0.0067654763869381
huggingartists/5opka,0,23,2021-09-16 15:23:49+00:00,-0.0123760730965944
huggingartists/aaron-watson,0,24,2021-09-10 15:49:57+00:00,-0.0887781030362623
huggingartists/agata-christie,0,22,2021-09-10 09:07:11+00:00,-0.0462912835748337
huggingartists/aimer,0,21,2021-09-11 13:43:46+00:00,-6.209417702907061e-05
huggingartists/architects,0,22,2021-11-11 18:00:17+00:00,-0.0797604900908713
huggingartists/ariya,0,23,2021-11-03 09:21:45+00:00,-0.0527058536441633
huggingartists/bill-wurtz,0,22,2022-02-14 08:56:26+00:00,-0.134862747324426
huggingartists/billie-eilish,0,22,2021-07-30 11:57:08+00:00,-0.0075162309322577
huggingartists/billy-talent,0,24,2021-08-25 18:57:43+00:00,-0.0284044834390426
huggingartists/bladee,0,28,2021-10-08 14:48:18+00:00,-0.0088412335230816
huggingartists/boris-grebenshikov,0,23,2021-11-10 08:53:52+00:00,-0.0411280487764915
huggingartists/bryan-adams,0,22,2021-10-07 08:16:16+00:00,-0.0290700232964401
huggingartists/burzum,0,22,2021-09-10 13:30:58+00:00,-0.0292908963416066
huggingartists/bushido-zho,0,21,2021-10-17 16:58:48+00:00,-0.0066752132223222
huggingartists/cardi-b,0,21,2021-09-24 12:29:25+00:00,-0.0945123782208318
huggingartists/cocomelon,0,22,2021-08-26 02:48:10+00:00,-0.0375742141090534
huggingartists/deep-purple,0,22,2021-08-10 06:30:14+00:00,-0.0857095957603983
huggingartists/egor-kreed,0,23,2021-09-19 20:00:22+00:00,-0.0952854038652337
huggingartists/enigma,0,22,2021-09-10 08:57:05+00:00,-0.0133070117080469
huggingartists/enya,0,21,2021-10-23 12:54:20+00:00,-0.0301761492350148
huggingartists/fascinoma,0,21,2021-08-04 07:45:42+00:00,-0.0170340839528502
huggingartists/ghostemane,0,22,2021-08-10 10:49:23+00:00,-0.0474494299541041
huggingartists/gizmo,0,20,2021-10-02 22:50:26+00:00,-0.1252116952773755
huggingartists/green-day,0,23,2021-09-17 07:15:56+00:00,-0.0061310737565426
huggingartists/grigory-leps,0,20,2021-09-10 08:13:40+00:00,-0.0782320084924235
huggingartists/gspd,0,22,2022-08-06 23:30:23+00:00,-0.0223312774079383
huggingartists/gunna,0,22,2021-09-15 17:15:43+00:00,-0.0917723992860432
huggingartists/imagine-dragons,0,21,2021-09-11 13:36:33+00:00,-0.0205984455976285
huggingartists/joji,0,28,2021-08-23 21:47:22+00:00,-0.0649345844092426
huggingartists/joni-mitchell,0,21,2021-09-20 04:37:42+00:00,-0.0337372840190554
huggingartists/kasta,0,21,2021-09-11 12:36:35+00:00,-0.011513332489055
huggingartists/kipelov,0,23,2021-09-10 08:40:56+00:00,-0.0306314710566781
huggingartists/kizaru,0,22,2021-09-30 17:52:06+00:00,-0.0067494854240093
huggingartists/krechet,0,21,2021-09-12 14:06:03+00:00,-0.0222057844239039
huggingartists/led-zeppelin,0,22,2022-02-15 22:19:29+00:00,-0.02184812833258
huggingartists/lil-uzi-vert,0,21,2022-04-17 18:50:56+00:00,-0.0081066812495985
huggingartists/loud-luxury,0,21,2021-09-12 03:29:59+00:00,-0.0955143477805694
huggingartists/marillion,0,25,2021-11-02 18:03:06+00:00,-0.0896330490793924
huggingartists/maroon-5,0,22,2021-09-19 12:07:21+00:00,-0.0920263183264524
huggingartists/mashina-vremeni,0,22,2021-09-12 12:25:03+00:00,-0.0801271922335011
huggingartists/mc-ride,0,21,2021-10-14 20:14:57+00:00,-0.0469141784835085
huggingartists/metallica,0,21,2022-05-16 16:10:22+00:00,-0.0800664077417062
huggingartists/og-buda,0,22,2021-09-29 17:31:56+00:00,-0.0097542678283337
huggingartists/ot-rus,0,21,2021-09-15 17:29:45+00:00,-0.0030647370921317
huggingartists/peter-paul-and-mary,0,21,2021-09-13 00:35:13+00:00,-0.0527058536441633
huggingartists/pharaoh,0,22,2021-10-22 15:18:57+00:00,-0.0319561046362137
huggingartists/placebo,0,22,2021-08-10 17:26:47+00:00,-0.0078946104444566
huggingartists/platina,0,21,2021-09-29 17:06:31+00:00,-0.0250903710170145
huggingartists/post-malone,0,23,2021-09-12 03:17:01+00:00,-0.0194459486038033
huggingartists/ramil,0,21,2021-10-17 09:51:00+00:00,-0.0334752212009827
huggingartists/rammstein,0,24,2022-06-06 11:14:46+00:00,-0.0859130296770749
huggingartists/rex-orange-county,0,22,2021-09-12 20:31:29+00:00,-0.0236571613655134
huggingartists/rihanna,0,22,2022-06-21 09:56:57+00:00,-0.0252961995695935
huggingartists/rocket,0,20,2021-09-11 07:31:59+00:00,-0.0791989090758568
huggingartists/scriptonite,0,25,2021-09-10 13:10:06+00:00,-0.0688437965097022
huggingartists/skillet,0,23,2021-09-10 14:51:47+00:00,-0.0613183645900399
huggingartists/slava-kpss,0,24,2021-09-10 16:22:01+00:00,-0.1211570922374695
huggingartists/sqwore,0,22,2021-10-24 04:23:45+00:00,-0.0637254765690492
huggingartists/sugar-ray,0,23,2021-08-04 07:38:52+00:00,-0.0490091804070256
huggingartists/the-notorious-big,0,22,2021-10-08 17:26:01+00:00,-0.0045978739630283
huggingartists/the-sugarcubes,0,22,2021-10-07 11:16:09+00:00,-0.0072265146661053
huggingartists/the-the-pigs,0,23,2021-09-11 06:35:36+00:00,-0.0933467641074193
huggingartists/tony-raut-and-garry-topor,0,21,2021-09-12 20:04:03+00:00,-0.061203727396455
huggingartists/travis-scott,0,24,2021-09-10 19:40:02+00:00,-0.0289643111916925
huggingartists/v-x-v-prince,0,23,2021-09-11 11:37:19+00:00,-0.0292488950057765
huggingartists/van-morrison,0,23,2021-09-10 08:49:51+00:00,-0.0284044834390426
huggingartists/yung-plague,0,23,2021-09-10 06:49:38+00:00,-0.0296505795383268
huggingtweets/12123i123i12345,0,26,2021-05-21 16:22:22+00:00,-0.1289798472775482
huggingtweets/12rafiqul,0,20,2021-08-17 08:46:31+00:00,-0.0896820773357917
huggingtweets/14jun1995,0,20,2021-05-21 16:23:35+00:00,-0.0283458874286188
huggingtweets/2wyatt2mason,0,20,2021-10-31 23:45:40+00:00,-0.0533940006195529
huggingtweets/3lliethedoll,0,20,2021-05-21 16:31:00+00:00,-0.061671403026425
huggingtweets/3thyr3al,0,20,2021-05-21 16:37:14+00:00,-0.0131529516555729
huggingtweets/5uppps,0,23,2021-05-21 16:42:00+00:00,-0.019871729393989
huggingtweets/666ouz666,0,20,2021-05-21 16:43:13+00:00,-0.0785702777549189
huggingtweets/926stories-superachnural,0,21,2021-06-08 08:31:13+00:00,-0.0148646472201572
huggingtweets/Question,0,21,2021-05-21 16:44:50+00:00,-0.0250903710170145
huggingtweets///devii,0,0,,-0.006696320093723
huggingtweets//frye,0,0,,-0.0213940213819614
huggingtweets//solnychko,0,0,,-0.0078063639195888
huggingtweets//stillpoint,0,0,,-0.0401353246522925
huggingtweets/_alexhirsch,0,20,2021-05-21 16:53:35+00:00,-0.1656642789652505
huggingtweets/_colebennett_,0,20,2021-08-02 19:31:13+00:00,-0.0194280166028253
huggingtweets/_cyberemperor,0,20,2021-05-21 16:57:15+00:00,-0.0587026810945423
huggingtweets/_deep_winter_,0,20,2022-03-01 07:42:37+00:00,-0.0055277909840831
huggingtweets/_djpn,0,20,2021-05-21 16:59:38+00:00,-0.1161451109549855
huggingtweets/_elli420_,0,20,2021-05-21 17:03:54+00:00,-0.1618419186648757
huggingtweets/_f1rewalker_-staticmeganito,0,20,2021-10-31 23:56:27+00:00,-0.0165781184445316
huggingtweets/_f1rewalker_,0,20,2021-11-01 00:02:50+00:00,-0.0230509535432579
huggingtweets/_holyweather,0,20,2021-05-21 17:05:00+00:00,-0.0389182410969669
huggingtweets/_luisinhobr-beckvencido,0,20,2021-12-22 02:57:34+00:00,-0.144938423200418
huggingtweets/_luisinhobr-bryan_paula_-luanaguei,0,20,2021-12-14 18:17:37+00:00,-0.1247051449625087
huggingtweets/_luisinhobr-nomesdegato-nomesdj,0,19,2021-12-21 14:04:49+00:00,-0.0395658888637362
huggingtweets/_lukeharris,0,21,2021-05-21 17:06:07+00:00,-0.0561600930255576
huggingtweets/_marfii,0,20,2021-05-21 17:07:37+00:00,-0.0222931418297075
huggingtweets/_nisagiss-dril,0,21,2021-07-25 04:05:01+00:00,-0.0491387186084697
huggingtweets/_phr3nzy,0,20,2021-05-21 17:10:49+00:00,-0.0287063648123823
huggingtweets/_rdo,0,20,2021-05-21 17:11:57+00:00,-0.0166092267169437
huggingtweets/_tinyflower,0,21,2021-05-21 17:17:43+00:00,-0.0089145893379608
huggingtweets/a/spaceman,0,0,,-0.1019482130023272
huggingtweets/aaroisosaari,0,20,2021-05-21 17:19:58+00:00,-0.016234803586777
huggingtweets/abnuo113,0,22,2022-02-09 01:13:41+00:00,-0.0028747782628805
huggingtweets/acephallus,0,20,2021-05-21 17:29:14+00:00,-9.36938426100431e-05
huggingtweets/actionattheend,0,20,2021-05-21 17:30:58+00:00,-0.1154277189819814
huggingtweets/actiongeologist,0,20,2021-05-21 17:32:02+00:00,-0.0164518506247902
huggingtweets/adapkepinska,0,20,2021-05-21 17:35:04+00:00,-0.0597472791957491
huggingtweets/adderallia,0,22,2021-05-21 17:37:15+00:00,-0.0986031818561006
huggingtweets/adhd_93,0,19,2021-10-09 01:14:07+00:00,-0.0048308711513566
huggingtweets/adjacentgrace,0,20,2021-05-21 17:42:06+00:00,-0.1415182400992581
huggingtweets/adriangregory20,0,20,2021-05-21 17:44:07+00:00,-0.0071353937941979
huggingtweets/ae333mage,0,22,2021-05-21 17:46:25+00:00,-0.0670474018397321
huggingtweets/afm_marketing,0,20,2021-12-02 01:51:26+00:00,-0.0240057218022916
huggingtweets/agholdier,0,20,2021-05-26 20:22:22+00:00,-0.0077694014154059
huggingtweets/agnescallard,0,20,2021-05-21 17:52:29+00:00,-0.0852621496796973
huggingtweets/ahmedallibhoy,0,20,2021-05-21 17:53:42+00:00,-0.0667688556141453
huggingtweets/ai_hexcrawl-dril_gpt2-drilbot_neo,0,20,2021-09-18 02:30:19+00:00,-0.0869391058935679
huggingtweets/ai_hexcrawl-gods_txt,0,20,2021-06-15 16:52:45+00:00,-0.0603496797709814
huggingtweets/ai_hexcrawl-gptmicrofic,0,20,2021-09-18 03:18:36+00:00,-0.0349240545509377
huggingtweets/ai_hexcrawl,0,20,2021-12-15 19:46:29+00:00,-0.0477020238387855
huggingtweets/aijritter,0,22,2021-05-21 17:54:45+00:00,-0.0423653500348958
huggingtweets/aimbotaimy-coldjiangshi-ladydarknest,0,19,2021-07-25 20:00:21+00:00,-0.1198280875019547
huggingtweets/aimbotaimy-demi_naga-livingscribe,0,20,2021-07-25 18:00:56+00:00,-0.0486060253391257
huggingtweets/aimbotaimy-ladydarknest,0,22,2021-07-25 20:33:04+00:00,-0.0156764490236508
huggingtweets/alanbocallaghan,0,19,2021-05-21 17:58:39+00:00,-0.0800891913401942
huggingtweets/albertletranger,0,20,2021-05-21 18:01:16+00:00,-0.1016975037378424
huggingtweets/albertobagnai,0,21,2021-05-21 18:02:29+00:00,-0.0748909967433653
huggingtweets/albertsstuff,0,22,2021-08-02 03:04:23+00:00,-0.0055723707227972
huggingtweets/albinkurti,0,20,2022-02-11 11:38:45+00:00,-0.1008445042667217
huggingtweets/albiuwu_,0,21,2021-05-21 18:03:38+00:00,-0.1229802011520743
huggingtweets/aledaws,0,25,2021-05-21 18:04:48+00:00,-0.0670474018397321
huggingtweets/alexanderramek,0,20,2021-05-21 18:07:10+00:00,-0.046970449274683
huggingtweets/alexip,0,20,2021-05-21 18:09:25+00:00,-0.0190406018109249
huggingtweets/alexisgallagher,0,20,2021-05-21 18:10:44+00:00,-0.0511436069682464
huggingtweets/alexisuwualexis,0,20,2021-06-23 18:49:20+00:00,-0.0085003249581958
huggingtweets/alexwadecraig,0,20,2021-05-21 18:12:54+00:00,-0.0190847080391554
huggingtweets/alfieghill1,0,21,2021-05-21 18:14:01+00:00,-0.0294864114346468
huggingtweets/aliabunimah,0,20,2021-05-21 18:15:09+00:00,-0.1180948345189296
huggingtweets/alice333ai-alicecweam,0,20,2021-07-06 22:53:45+00:00,-0.085258717987537
huggingtweets/alice333ai-jj_visuals,0,20,2021-07-06 20:56:55+00:00,-0.0250903710170145
huggingtweets/alicefromqueens,0,20,2021-07-21 21:38:57+00:00,-0.0155899683108352
huggingtweets/alicesblossoms,0,20,2021-05-21 18:19:16+00:00,-0.0574939709379948
huggingtweets/alisonaharris,0,21,2021-05-21 18:20:29+00:00,-0.0506326100054765
huggingtweets/almostnora,0,20,2021-05-21 18:22:14+00:00,-0.0857841510255371
huggingtweets/alotoforanges,0,20,2021-05-21 18:26:16+00:00,-0.1234028197030353
huggingtweets/alper,0,20,2021-05-21 18:27:52+00:00,-0.0356373814455718
huggingtweets/alterhuss-zainabverse,0,20,2021-12-14 07:46:28+00:00,-0.0709487641018568
huggingtweets/alvarouribevel,0,20,2021-06-11 16:26:27+00:00,-0.0385486476126216
huggingtweets/aly/dixon-haleyosomething-svpino,0,0,,-0.076001677158015
huggingtweets/ambivalegenic-dril,0,20,2021-12-10 06:25:10+00:00,-0.1406549346951632
huggingtweets/amccarty,0,20,2021-05-21 18:36:59+00:00,-0.0527623777370797
huggingtweets/amirism_,0,20,2021-05-21 18:41:30+00:00,-0.0863257560277245
huggingtweets/amphydelic,0,20,2021-05-21 18:46:10+00:00,-0.0278452555318121
huggingtweets/ana_couper,0,20,2021-05-21 18:47:32+00:00,-0.047993920199576
huggingtweets/anarchystax,0,21,2021-05-21 18:52:34+00:00,-0.0136448736433082
huggingtweets/andevereaux,0,20,2021-05-21 18:55:21+00:00,-0.0123298420924844
huggingtweets/andreskwon,0,22,2021-05-21 18:56:52+00:00,-0.119410548720699
huggingtweets/andrewfleer,0,21,2021-05-21 18:59:51+00:00,-0.107363273926299
huggingtweets/angadc,0,20,2021-11-01 19:02:49+00:00,-0.0375790245753441
huggingtweets/angiejolielive,0,20,2021-12-02 20:17:53+00:00,-0.0268901322508684
huggingtweets/angularocean,0,20,2021-05-21 19:01:01+00:00,-0.0957569147916342
huggingtweets/annasvirtual,0,20,2021-06-07 10:59:15+00:00,-0.09320227257886
huggingtweets/anotherday//,0,0,,-0.0305658947649739
huggingtweets/anotherpattern,0,20,2021-05-21 19:11:17+00:00,-0.0150733776881443
huggingtweets/anoushnajarian,0,21,2021-05-21 19:12:24+00:00,-0.054662491061852
huggingtweets/ansonjtong,0,20,2021-05-21 19:13:39+00:00,-0.0430384337894281
huggingtweets/antifashgremlin,0,21,2021-05-21 19:14:45+00:00,-0.0274002266694576
huggingtweets/antiihope,0,20,2021-08-24 17:00:16+00:00,-0.0673939887674075
huggingtweets/anvers1158,0,20,2021-12-15 01:08:56+00:00,-0.0018419102568528
huggingtweets/araffin2,0,20,2021-05-21 19:23:11+00:00,-0.0959953405361954
huggingtweets/arrl,0,21,2021-05-21 19:26:00+00:00,-0.0145883190344371
huggingtweets/artificialstup5,0,20,2021-07-04 11:27:01+00:00,-0.06458123650819
huggingtweets/artorrattv,0,21,2021-05-21 19:29:17+00:00,-0.134366620282863
huggingtweets/asmallfiction,0,20,2021-05-21 19:33:11+00:00,-0.1271306906698562
huggingtweets/asofterscp,0,20,2021-05-21 19:34:17+00:00,-0.0202505955943279
huggingtweets/ass420weed-gnomeszs-tyler01010101,0,22,2021-08-04 07:41:51+00:00,-0.0318092935150631
huggingtweets/atheistic_1,0,30,2021-05-21 19:35:24+00:00,-0.0192163436515996
huggingtweets/atinux,0,20,2021-05-21 19:36:51+00:00,-0.0969597295307784
huggingtweets/atlassian,0,20,2021-06-17 00:20:35+00:00,-0.0633937454372527
huggingtweets/atomicthumbs,0,23,2021-05-21 19:40:48+00:00,-0.0125756180864838
huggingtweets/atticscientist,0,22,2021-07-06 06:25:57+00:00,-0.0007240028522947
huggingtweets/aumgensokyo,0,20,2021-06-28 14:51:57+00:00,-0.0947555030969875
huggingtweets/austen,0,20,2021-05-21 19:46:24+00:00,-0.0135591676006688
huggingtweets/autogynefiles,0,20,2021-05-21 19:47:38+00:00,-0.0303588452965929
huggingtweets/autophagian,0,20,2021-05-21 19:48:45+00:00,-0.1499696231162244
huggingtweets/avgmeat-dril-slitthroatz,0,20,2021-09-18 12:23:12+00:00,-0.0845902921982393
huggingtweets/axel_hugsky,0,20,2021-06-23 18:30:11+00:00,-0.0089145893379608
huggingtweets/axiaofficial,0,20,2021-07-23 18:32:04+00:00,-0.0236019865244229
huggingtweets/azulcrescent,0,20,2021-05-23 14:17:13+00:00,-0.115736119979809
huggingtweets/b50,0,19,2021-05-21 19:58:28+00:00,-0.006696320093723
huggingtweets/balajis,0,20,2022-11-20 18:06:24+00:00,-0.0170340839528502
huggingtweets/balcobops-liyrex_irl-waitforgot,0,20,2021-09-29 04:04:44+00:00,-0.0109604402597945
huggingtweets/barackobama-karlousm-uofofn,0,19,2021-06-30 06:02:43+00:00,-0.0112598124353175
huggingtweets/basedgamerboi,0,20,2021-05-21 20:08:05+00:00,-0.0082769379408368
huggingtweets/bayesianboy,0,20,2021-05-21 20:10:00+00:00,-0.02074481754431
huggingtweets/bbcqos,0,19,2021-08-17 10:52:33+00:00,-0.0045978739630283
huggingtweets/beanstalkim,0,20,2021-05-21 20:14:10+00:00,-0.0771762468428938
huggingtweets/beemoviescript,0,20,2021-08-26 01:52:42+00:00,-0.1089159069620741
huggingtweets/benioff,0,20,2021-08-10 21:45:46+00:00,-0.0514631885136324
huggingtweets/benjinaesen,0,22,2021-05-21 20:22:02+00:00,-0.1204744478431902
huggingtweets/benskerim,0,20,2021-05-21 20:24:45+00:00,-0.0396935723884364
huggingtweets/berniesanders-coffee/burger-sensanders,0,0,,-0.0499810283808149
huggingtweets/berniesanders-dril,0,20,2022-03-01 10:13:41+00:00,-0.0049932618426203
huggingtweets/berniesanders,0,20,2022-08-27 12:48:20+00:00,-0.0156764490236508
huggingtweets/bestmusiclyric-marknorm,0,20,2021-05-21 20:30:59+00:00,-0.0264544390008621
huggingtweets/bestmusiclyric-poetsorg,0,20,2021-05-29 15:46:48+00:00,-0.0076030887242124
huggingtweets/beth_kindig-elonmusk-iofundofficial,0,19,2021-10-06 03:14:09+00:00,-0.1432115253607594
huggingtweets/bfkelleher,0,20,2021-05-21 20:33:42+00:00,-0.0561600930255576
huggingtweets/bibliobabble,0,20,2021-05-21 20:34:50+00:00,-0.1102493705850785
huggingtweets/billgates-jack,0,20,2021-08-03 10:34:31+00:00,-0.0517192526686807
huggingtweets/billpshort,0,20,2021-05-21 20:41:11+00:00,-0.0033059190873901
huggingtweets/billtheponyfan,0,20,2021-05-21 20:42:18+00:00,-0.0640671559889867
huggingtweets/billwurtz,0,20,2022-11-13 03:31:15+00:00,-0.0287063648123823
huggingtweets/biocrimed-bladeecity-w3bcam,0,21,2021-06-16 09:00:55+00:00,-0.0955236530915351
huggingtweets/bitfinexed-coinerstakingls-xeni,0,20,2022-01-28 04:55:36+00:00,-0.0986116443647582
huggingtweets/bitfinexed,0,20,2021-10-09 22:20:08+00:00,-0.0262815561872225
huggingtweets/bladeecity-rxmaybike-wojespn,0,19,2021-06-29 20:32:08+00:00,-0.0187118414462551
huggingtweets/bladeecity-thaiboygoon,0,20,2021-06-30 07:56:47+00:00,-0.0638240830119716
huggingtweets/bladeecity,0,21,2022-05-24 14:38:31+00:00,-0.0662352373644258
huggingtweets/bleaksigilkeep,0,20,2021-05-21 20:47:22+00:00,-0.0363227469504973
huggingtweets/bloodwarrioroc1,0,20,2021-06-20 17:41:00+00:00,-0.0673939887674075
huggingtweets/boogie2988,0,20,2021-05-29 21:24:58+00:00,-0.0569890548101978
huggingtweets/borisdayma-elonmusk,0,20,2021-05-21 20:51:56+00:00,-0.0675083325920663
huggingtweets/bovice18,0,20,2021-05-21 20:56:14+00:00,-0.0446273835224322
huggingtweets/brad_buchsbaum,0,20,2021-09-08 19:43:10+00:00,-0.0687442642676858
huggingtweets/brandonreeves08,0,20,2021-05-21 21:01:47+00:00,-0.0005126180898237
pixelsandpointers/bart-base-empatheticdialogues,0,3,2022-01-24 11:29:02+00:00,-0.0893225576838341
potaycat/vinanews-gpt2-kinda,0,20,2021-05-21 14:46:01+00:00,-0.0537967568060974
pyordii/distilgpt2-finetuned-AT,0,24,2023-08-01 07:42:36+00:00,-0.0533940006195529
